{
    "nx-ba-large-0.15-hidden": {
        "gae": {
            "test_roc": 0.5713720490614147,
            "test_ap": 0.6318774585804434,
            "val_roc": 0.6021426385062748,
            "val_ap": 0.6541173582329639,
            "val_roc_per_epoch": [
                0.6935210692786451,
                0.6991409039893888,
                0.7006958473625141,
                0.7011876339149068,
                0.7016059585756557,
                0.7018916437098256,
                0.702287521681461,
                0.7025854504642384,
                0.703030303030303,
                0.7029160289766351,
                0.7030629527599224,
                0.7031588613406795,
                0.7029894908682787,
                0.7029527599224569,
                0.7027629833690439,
                0.7026507499234771,
                0.7024997449239874,
                0.7025038261401897,
                0.7024262830323437,
                0.70220181614121,
                0.7022181410060198,
                0.7020916233037446,
                0.7020304050607081,
                0.7019895928986837,
                0.7020426487093153,
                0.701952861952862,
                0.7019242934394451,
                0.7018304254667891,
                0.7017814508723599,
                0.7018181818181819,
                0.7018794000612181,
                0.7019446995204571,
                0.7019324558718498,
                0.7018345066829915,
                0.7018222630343842,
                0.701858993980206,
                0.7017692072237528,
                0.7019202122232426,
                0.7020018365472911,
                0.702030405060708,
                0.7020671360065299,
                0.7020181614121007,
                0.7020957045199469,
                0.7023242526272829,
                0.7024915824915826,
                0.7024875012753802,
                0.7024058769513315,
                0.7024222018161412,
                0.7025691255994286,
                0.7024630139781655,
                0.7025364758698093,
                0.7026507499234772,
                0.7026711560044894,
                0.70277318640955,
                0.7028752168146107,
                0.7030507091113152,
                0.7030792776247321,
                0.70312621161106,
                0.7032506887052343,
                0.7032915008672584,
                0.7032996632996633,
                0.7031976328946026,
                0.7029588817467605,
                0.7028058361391696,
                0.7023079277624732,
                0.7016304458728702,
                0.7009203142536476,
                0.7001081522293642,
                0.6989164370982552,
                0.6976594225079072,
                0.6961310070400979,
                0.6949678604224059,
                0.6931904907662483,
                0.6920824405672891,
                0.6910111213141515,
                0.6892113049688807,
                0.6861524334251606,
                0.6831262116110601,
                0.6811835526987042,
                0.6799877563513927,
                0.6781042750739721,
                0.6752902765023976,
                0.6720620344862769,
                0.6688501173349659,
                0.6657830833588408,
                0.6629609223548618,
                0.6584919906132027,
                0.6531211100908071,
                0.6502560963167023,
                0.6481175390266298,
                0.6432731353943475,
                0.6358677685950413,
                0.6278338945005612,
                0.6247199265381084,
                0.6260912151821243,
                0.6094398530762166,
                0.6001183552698705,
                0.6018610345883073,
                0.6032690541781451,
                0.6034363840424446
            ],
            "runtime": 21.848751306533813
        }
    }
}