{
    "nx-ba-large-0.15-hidden": {
        "gae": {
            "test_roc": 0.5812973233493754,
            "test_ap": 0.6318780780975986,
            "val_roc": 0.5771695819944069,
            "val_ap": 0.6258087933652107,
            "val_roc_per_epoch": [
                0.7226160695229764,
                0.725090816542268,
                0.7256565073582091,
                0.7256928600271944,
                0.7257223790356924,
                0.7258618177737297,
                0.7259841222603987,
                0.726135825515205,
                0.7262541219898577,
                0.7263616970323676,
                0.726435043652261,
                0.7264889514138764,
                0.7265239012786561,
                0.7265458852245639,
                0.7265610755901046,
                0.7265731397062728,
                0.7265796727658589,
                0.7265986106226348,
                0.7266124983842701,
                0.7266265264263262,
                0.7266140815490165,
                0.7266195725254784,
                0.7266199132064997,
                0.7266195725254785,
                0.7266314362410459,
                0.7266426386346307,
                0.7266575283992702,
                0.7266723780837895,
                0.7266825784743702,
                0.7266971275579884,
                0.7267041215389565,
                0.7267076686295905,
                0.7267215163111058,
                0.7267358850341834,
                0.7267424982540097,
                0.7267399932464997,
                0.7267390714037361,
                0.7267384702019337,
                0.7267304942580217,
                0.726722057392728,
                0.7267080894708523,
                0.726699031363696,
                0.7266992117242368,
                0.7266974281588896,
                0.7267022377733088,
                0.7266988109230351,
                0.7266937007077147,
                0.7266916365815266,
                0.7266933199465732,
                0.7266954441929417,
                0.7266984502019538,
                0.7266969071173277,
                0.7266859452044638,
                0.7266751035319605,
                0.726677047417788,
                0.7266686305925545,
                0.7266526586646707,
                0.726643740837935,
                0.7266242017793569,
                0.7266143019896774,
                0.7266098330562796,
                0.7266026587147708,
                0.7265899533166801,
                0.7265873280688095,
                0.7265869072275479,
                0.7265847829811793,
                0.7265802539276012,
                0.7265772078384691,
                0.7265722980237496,
                0.7265518772025278,
                0.7265351437523611,
                0.7265126988850713,
                0.7264979293607923,
                0.7264756648540434,
                0.7264550035521007,
                0.7264380095811527,
                0.7264001739477215,
                0.7263699735771808,
                0.7263483904324745,
                0.7263050838626415,
                0.7262919576232889,
                0.7262727993258523,
                0.7262333604876148,
                0.7262102943784625,
                0.7261961260559859,
                0.7261902543183824,
                0.7261766671576482,
                0.7261511561611662,
                0.7260928997065133,
                0.7260296131967804,
                0.7259539018497978,
                0.7258684109534961,
                0.7257331405479555,
                0.725580655730806,
                0.7253858863868873,
                0.7251770689608528,
                0.7249959068177287,
                0.724706748790833,
                0.7243358273188103,
                0.7239031423816209,
                0.7234251669086504,
                0.7228831434036639,
                0.7221639056473892,
                0.7212102793484175,
                0.7201405609814018,
                0.7190732273815357,
                0.7179571563555548,
                0.716461346231116,
                0.7148461574687801,
                0.7131762593424255,
                0.7112701289878467,
                0.7088898708518329,
                0.7064110557003449,
                0.7041541240940641,
                0.7017112407702998,
                0.6983609635661687,
                0.694138603067532,
                0.6910842574306038,
                0.6877169662154647,
                0.6829042055068081,
                0.6775096618139661,
                0.6748507266024782,
                0.6710564017470924,
                0.6641997953909866,
                0.660741081421762,
                0.6587981174367561,
                0.6547479611743876,
                0.652845137429722,
                0.65284463642822,
                0.6515846777708639,
                0.6501385669954238,
                0.6498095693290888,
                0.6501047594140688,
                0.6455482709937165,
                0.6439212986760534,
                0.6462056050044037,
                0.6430709388066745,
                0.6412019226433641,
                0.6418762907051195,
                0.6421489156824491,
                0.63990991992994,
                0.6385216848480111,
                0.6398195793390988,
                0.6392480969457947,
                0.6368341715088461,
                0.6375325275225174,
                0.6389471954436919,
                0.6373373573773974,
                0.6352066981896811,
                0.6366441716992267,
                0.6370741311882453,
                0.634432831229628,
                0.6341611681751822,
                0.6359090822554285,
                0.635883170457745,
                0.6343345948551153,
                0.6346556766977187,
                0.6359760360961562,
                0.6361657353048744,
                0.6344149554960365,
                0.6352655157660163,
                0.6371805439072706,
                0.6368039911783656,
                0.6357201846491135,
                0.6363834905977048,
                0.6375400425450475,
                0.6375387599812025,
                0.6370481592703814,
                0.6382199617034452,
                0.6390433476519564,
                0.6382845107369631,
                0.6384097811525238,
                0.6391192593995396,
                0.6388417847276706,
                0.6391842092342592,
                0.6392544496448401,
                0.6389342696049403,
                0.6398619640661682,
                0.6397112026941856,
                0.6392406620835049,
                0.6401356712067423,
                0.6404873742611481,
                0.639820861902944,
                0.6404251699146595,
                0.6407620232845458,
                0.6401617232848464,
                0.6404816628440253,
                0.640602684766849,
                0.6405660515370225,
                0.6405621236852468,
                0.6411093976859743,
                0.6409410611813013,
                0.6401055509964418,
                0.641284227170113,
                0.6420208596985373,
                0.6405973340708075,
                0.6414490366242118,
                0.6427467307146987,
                0.6415156698239781,
                0.6414014815616417,
                0.6432596760925089,
                0.6422543063584105,
                0.6424263903543184,
                0.6436441045650254,
                0.643098313528744,
                0.6433605577549522,
                0.6444529614699785,
                0.6440218396574753,
                0.643551920288657,
