{
    "fb-0-0.15-hidden": {
        "gae_edge_emb": {
            "test_roc": 0.9097144114626632,
            "test_ap": 0.9169266367943217,
            "val_roc": 0.8944202650496358,
            "val_ap": 0.9011630675456506,
            "test_roc_curve": [
                