{
    "nx-ba-large-0.15-hidden": {
        "gae": {
            "test_roc": 0.7169845671497322,
            "test_ap": 0.7454501279408563,
            "val_roc": 0.723903162421681,
            "val_ap": 0.7509205615492403,
            "val_roc_per_epoch": [
                0.7226160695229764,
                0.7250908566223881,
                0.7256565073582091,
                0.7256927999070141,
                0.7257223589956323,
                0.7258618378137898,
                0.7259841423004586,
                0.7261358255152048,
                0.7262541219898577,
                0.7263616369121875,
                0.7264350035721407,
                0.7264889113337563,
                0.7265238812385959,
                0.7265459453447441,
                0.7265609954298644,
                0.7265731998264531,
                0.7265795926056186,
                0.7265986306626947,
                0.7266125384643902,
                0.726626466306146,
                0.7266140414688964,
                0.7266195725254785,
                0.7266199132064997,
                0.7266196326456587,
                0.7266313961609256,
                0.7266425584743903,
                0.7266574482390299,
                0.7266723580437293,
                0.7266825584343102,
                0.7266971475980486,
                0.7267041415790165,
                0.7267076686295906,
                0.7267215764312861,
                0.7267359050742435,
                0.7267424581738897,
                0.7267400132865599,
                0.726739051363676,
                0.7267384501618736,
                0.7267305944583222,
                0.7267220774327883,
                0.7267080894708523,
                0.726699011323636,
                0.7266991716441167,
                0.7266974682390098,
                0.7267022578133688,
                0.7266988109230352,
                0.7266937207477748,
                0.7266916365815265,
                0.7266933399866333,
                0.7266953039125211,
                0.7266984702420137,
                0.7266969271573877,
                0.7266859652445238,
                0.7266751035319605,
                0.7266770273777281,
                0.7266686105524944,
                0.726652758864971,
                0.726643720797875,
                0.7266242017793569,
                0.7266143019896772,
                0.7266098931764596,
                0.7266026787548309,
                0.72658991323656,
                0.7265874082290499,
                0.7265869072275477,
                0.7265848631414197,
                0.7265802739676613,
                0.7265772078384691,
                0.7265722980237496,
                0.726551917282648,
                0.7265351036722408,
                0.7265127189251313,
                0.7264979093207321,
                0.7264757049341632,
                0.7264550436322208,
                0.7264380296212127,
                0.7264001138275413,
                0.7263699535371207,
                0.7263484104725346,
                0.7263051039027015,
                0.7262919576232889,
                0.7262728193659124,
                0.7262333604876148,
                0.7262103144185226,
                0.726196146096046,
                0.7261902943985026,
                0.7261767673579484,
                0.7261512363214064,
                0.7260928395863331,
                0.72602953303654,
                0.7259539218898579,
                0.7258684109534961,
                0.7257332207081957,
                0.7255805755705655,
                0.7253858863868874,
                0.7251771090409729,
                0.7249958867776686,
                0.7247067087107127,
                0.72433572711851,
                0.7239032025018011
            ],
            "runtime": 1514.278668642044
        }
    }
}