{
    "nx-ba-large-0.15-hidden": {
        "gae": {
            "test_roc": 0.6145688675672264,
            "test_ap": 0.5953248890872689,
            "val_roc": 0.6967901234567901,
            "val_ap": 0.7193163615199776,
            "val_roc_per_epoch": [
                0.6696296296296297,
                0.6765432098765432,
                0.6854320987654321,
                0.6874074074074074,
                0.6874074074074074,
                0.6879012345679013,
                0.6903703703703704,
                0.6918518518518518,
                0.6948148148148149,
                0.6938271604938272,
                0.6953086419753086,
                0.6933333333333332,
                0.6928395061728394,
                0.6948148148148148,
                0.6962962962962963,
                0.6958024691358023,
                0.69679012345679,
                0.697283950617284,
                0.6997530864197531,
                0.7051851851851852,
                0.7076543209876544,
                0.7120987654320988,
                0.7190123456790124,
                0.7175308641975309,
                0.7190123456790124,
                0.72,
                0.7190123456790123,
                0.7175308641975308,
                0.7160493827160493,
                0.7140740740740741,
                0.7135802469135804,
                0.7091358024691359,
                0.7096296296296296,
                0.7106172839506172,
                0.7130864197530864,
                0.7130864197530864,
                0.7130864197530863,
                0.7116049382716049,
                0.7081481481481482,
                0.7066666666666667,
                0.7061728395061729,
                0.7041975308641976,
                0.7041975308641976,
                0.7002469135802469,
                0.6967901234567901,
                0.6943209876543209,
                0.6908641975308641,
                0.6765432098765432,
                0.6691358024691357,
                0.6632098765432098,
                0.6567901234567901,
                0.6503703703703704,
                0.6498765432098765,
                0.6493827160493827,
                0.6498765432098765,
                0.6498765432098765,
                0.6493827160493826,
                0.6498765432098765,
                0.653827160493827,
                0.6671604938271604,
                0.6740740740740742,
                0.6760493827160494,
                0.6790123456790123,
                0.6824691358024692,
                0.691358024691358,
                0.6992592592592592,
                0.7041975308641975,
                0.7101234567901235,
                0.7190123456790123,
                0.7209876543209877,
                0.7195061728395062,
                0.7234567901234568,
                0.7249382716049383,
                0.7234567901234569,
                0.7254320987654321,
                0.7224691358024692,
                0.7195061728395061,
                0.7185185185185184,
                0.7180246913580247,
                0.7165432098765432,
                0.7111111111111112,
                0.7081481481481482,
                0.7066666666666667,
                0.7081481481481482,
                0.7066666666666667,
                0.7046913580246914,
                0.7041975308641976,
                0.7061728395061728,
                0.7076543209876544,
                0.7145679012345679,
                0.7155555555555555,
                0.711604938271605,
                0.7066666666666667,
                0.7061728395061729,
                0.7037037037037037,
                0.7007407407407407,
                0.6992592592592592,
                0.6997530864197531,
                0.6977777777777777,
                0.6967901234567901
            ],
            "runtime": 0.8199543952941895
        }
    }
}