{
    "nx-ba-large-0.15-hidden": {
        "gae": {
            "test_roc": 0.568693443858173,
            "test_ap": 0.629225533299947,
            "val_roc": 0.6066564636261605,
            "val_ap": 0.6620866718934029,
            "val_roc_per_epoch": [
                0.6935210692786451,
                0.6991409039893888,
                0.7006958473625141,
                0.7011876339149068,
                0.7016059585756557,
                0.7018916437098256,
                0.702287521681461,
                0.7025854504642384,
                0.703030303030303,
                0.7029160289766351,
                0.7030629527599224,
                0.7031588613406795,
                0.7029894908682787,
                0.7029527599224569,
                0.7027629833690439,
                0.7026507499234771,
                0.7024997449239874,
                0.7025038261401897,
                0.7024262830323437,
                0.70220181614121,
                0.7022181410060198,
                0.7020916233037446,
                0.7020304050607081,
                0.7019895928986837,
                0.7020426487093153,
                0.701952861952862,
                0.7019242934394451,
                0.7018304254667891,
                0.7017814508723599,
                0.7018181818181819,
                0.7018794000612181,
                0.7019446995204571,
                0.7019324558718498,
                0.7018345066829915,
                0.7018222630343842,
                0.701858993980206,
                0.7017692072237528,
                0.7019202122232426,
                0.7020018365472911,
                0.702030405060708,
                0.7020671360065299,
                0.7020181614121007,
                0.7020957045199469,
                0.7023242526272829,
                0.7024915824915826,
                0.7024875012753802,
                0.7024058769513315,
                0.7024222018161412,
                0.7025691255994286,
                0.7024630139781655,
                0.7025364758698093,
                0.7026507499234772,
                0.7026711560044894,
                0.70277318640955,
                0.7028752168146107,
                0.7030507091113152,
                0.7030792776247321,
                0.70312621161106,
                0.7032506887052343,
                0.7032915008672584,
                0.7032996632996633,
                0.7031976328946026,
                0.7029588817467605,
                0.7028058361391696,
                0.7023079277624732,
                0.7016304458728702,
                0.7009203142536476,
                0.7001081522293642,
                0.6989164370982552,
                0.6976594225079072,
                0.6961310070400979,
                0.6949678604224059,
                0.6931904907662483,
                0.6920824405672891,
                0.6910111213141515,
                0.6892113049688807,
                0.6861524334251606,
                0.6831262116110601,
                0.6811835526987042,
                0.6799877563513927,
                0.6781042750739721,
                0.6752902765023976,
                0.6720620344862769,
                0.6688501173349659,
                0.6657830833588408,
                0.6629609223548618,
                0.6584919906132027,
                0.6531211100908071,
                0.6502560963167023,
                0.6481175390266298,
                0.6432731353943475,
                0.6358677685950413,
                0.6278338945005612,
                0.6247199265381084,
                0.6260912151821243,
                0.6094398530762166,
                0.6001183552698705,
                0.6018610345883073,
                0.6032690541781451,
                0.6034363840424446,
                0.6088174676053464,
                0.6079624528109376,
                0.6079583715947353,
                0.6098724619936742,
                0.6103826140189776,
                0.609994898479747,
                0.6046607489031732,
                0.6035424956637077,
                0.6064728088970514,
                0.6077624732170186,
                0.6059585756555452,
                0.6023303744515867,
                0.6058116518722579,
                0.6083909805121926,
                0.6103826140189776,
                0.6111784511784512,
                0.607489031731456,
                0.6094643403734312,
                0.6142230384654628,
                0.6133578206305479,
                0.614463830221406,
                0.6120844811753903,
                0.6139332721150903,
                0.6131088664421998,
                0.6134557698194061,
                0.6143454749515356,
                0.6149637792062035,
                0.6146148352208958,
                0.6142556881950821,
                0.61423528211407,
                0.6147944087338026,
                0.6160881542699725,
                0.6172186511580451,
                0.6175655545352515,
                0.6180206101418222,
                0.6185940210182634,
                0.6189286807468625,
                0.6192796653402715,
                0.6196469747984898,
                0.6196673808795021,
                0.6194592388531782,
                0.6197653300683603,
                0.6190796857463523,
                0.6197000306091215,
                0.6210917253341496,
                0.6223569023569024,
                0.622591572288542,
                0.6207284970921335,
                0.6213080297928781,
                0.6231486583001734,
                0.6253239465360678,
                0.624344454647485,
                0.6214182226303439,
                0.622267115600449,
                0.625754514845424,
                0.6271808999081726,
                0.6265238240995816,
                0.6239444954596469,
                0.6225405570860116,
                0.6285644322007958,
                0.6287215590245894,
                0.6285113763901643,
                0.630396898275686,
                0.6281154984185287,
                0.6302948678706255,
                0.6293888378736864,
                0.62875624936231,
                0.6302418120599939,
                0.629947964493419,
                0.6301642689521477,
                0.6309764309764311,
                0.6305846342209979,
                0.6308703193551679,
                0.6306580961126416,
                0.6309315375982043,
                0.6315600448933782,
                0.6312947658402204,
                0.6314559738802163,
                0.6321069278645035,
                0.6326578920518314,
                0.6315437200285685,
                0.6295888174676053,
                0.6309233751657994,
                0.6327027854300582,
                0.6331231506989081,
                0.6321599836751353,
                0.6310090807060504,
                0.6310539740842771,
                0.6333516988062442,
                0.634902560963167,
                0.6343230282624222,
                0.6329231711049892,
                0.6311560044893378,
                0.6343638404244465,
                0.6350535659626568,
                0.6351780430568309,
                0.6338700132639525,
                0.6332006938067545,
                0.6333149678604224,
                0.6348413427201307,
                0.6342985409652075,
                0.633388429752066,
                0.633606774818896,
                0.6339557188042038,
                0.6357922660952964,
                0.6363473114988267,
                0.6364983164983166,
                0.6355514743393531,
                0.6358534843383328,
