{
    "num_connected_components": 1,
    "num_nodes": 2000,
    "num_edges": 60080,
    "density": 0.03005502751375688,
    "diameter": 3,
    "avg_clustering_coef": 0.029858318570909332,
    "avg_degree": 60.08,
    "transitivity": 0.029826236193637425
}