{
    "num_connected_components": 1,
    "num_nodes": 200,
    "num_edges": 640,
    "density": 0.032160804020100506,
    "diameter": 5,
    "avg_clustering_coef": 0.02830588855588853,
    "avg_degree": 6.4,
    "transitivity": 0.035096271021203995
}