{
    "num_connected_components": 1,
    "num_nodes": 160,
    "num_edges": 1852,
    "density": 0.14559748427672956,
    "diameter": 2,
    "avg_clustering_coef": 0.6862255596605491,
    "avg_degree": 23.15,
    "transitivity": 0.565832209829636
}