{
    "num_connected_components": 1,
    "num_nodes": 1046,
    "num_edges": 27794,
    "density": 0.050854931523141245,
    "diameter": 2,
    "avg_clustering_coef": 0.5755769845669039,
    "avg_degree": 53.1434034416826,
    "transitivity": 0.43287633741422654
}