{
    "num_connected_components": 1,
    "num_nodes": 756,
    "num_edges": 30780,
    "density": 0.10785241248817408,
    "diameter": 2,
    "avg_clustering_coef": 0.6623931897396125,
    "avg_degree": 81.42857142857143,
    "transitivity": 0.6646208433776967
}