{
    "num_connected_components": 6,
    "num_nodes": 200,
    "num_edges": 377,
    "density": 0.018944723618090454,
    "diameter": null,
    "avg_clustering_coef": 0.033268398268398267,
    "avg_degree": 3.77,
    "transitivity": 0.03411371237458194
}