{
    "num_connected_components": 1,
    "num_nodes": 2000,
    "num_edges": 10000,
    "density": 0.0050025012506253125,
    "diameter": 8,
    "avg_clustering_coef": 0.48788354423354446,
    "avg_degree": 10.0,
    "transitivity": 0.47898272658303004
}