{
    "advogato-0.15-random-hidden": {
        "aa": {
            "test_roc": 0.916661078461512,
            "test_ap": 0.9194450013149364,
            "runtime": 4.6897218227386475
        },
        "jc": {
            "test_roc": 0.8957071580871896,
            "test_ap": 0.8805986906775594,
            "runtime": 4.229748249053955
        },
        "pa": {
            "test_roc": 0.9182276173443036,
            "test_ap": 0.916264933502084,
            "runtime": 0.7199602127075195
        },
        "sc": {
            "test_roc": 0.4559517451457362,
            "test_ap": 0.47443324981905477,
            "val_roc": 0.6543005125292439,
            "val_ap": 0.5694733163494322,
            "runtime": 13.469206094741821
        },
        "n2v_edge_emb": {
            "test_roc": 0.8456864836071374,
            "test_ap": 0.863712026477973,
            "val_roc": 0.898810769875722,
            "val_ap": 0.9016511550055996,
            "runtime": 211.65735006332397
        },
        "n2v_dot_prod": {
            "test_roc": 0.7794009753736706,
            "test_ap": 0.8164123903402758,
            "val_roc": 0.8513097218277956,
            "val_ap": 0.8201506992211561,
            "runtime": 214.41729760169983
        },
        "gae": {
            "test_roc": 0.8604629532212887,
            "test_ap": 0.8679012122009644,
            "val_roc": 0.8842484482129092,
            "val_ap": 0.8916244862993175,
            "val_roc_per_epoch": [
                0.5725355547441636,
                0.6341290383653158,
                0.655964767558747,
                0.6588572896804469,
                0.6530586320833389,
                0.6386953719105126,
                0.6257891913577742,
                0.6288942080138477,
                0.6366402964285232,
                0.6422583742410104,
                0.6416320698157689,
                0.6336028056130292,
                0.628112476954215,
                0.6230070185403059,
                0.6245418114775898,
                0.6254770759237471,
                0.6234928620047692,
                0.6180129912865521,
                0.6078909669538093,
                0.625298569696314,
                0.6481223038121898,
                0.6539416068265109,
                0.6475990461636939,
                0.6348352198196006,
                0.628405389445594,
                0.6395530131941345,
                0.6465250336953043,
                0.6521710594524908,
                0.6450041245757097,
                0.6418832406994198,
                0.6369933420783354,
                0.6423534874076479,
                0.6559079701227455,
                0.6710709922872689,
                0.6778615314572148,
                0.6837793735152654,
                0.6852220283897026,
                0.6850967134118581,
                0.684902159654888,
                0.688528901330232,
                0.693988667559198,
                0.7026392776808614,
                0.7117932212710907,
                0.7200078434554479,
                0.7248168733462254,
                0.7269104448681714,
                0.7257531294936463,
                0.7195957465031261,
                0.7215344323186426,
                0.7256037432214966,
                0.7330181526408555,
                0.7373851542320851,
                0.7370178641459424,
                0.7344966890700998,
                0.7318184645759801,
                0.7317011733629041,
                0.732147438931487,
                0.7336113703057595,
                0.7328872480740711,
                0.729161516581696,
                0.7246785760972949,
                0.7257146334536898,
                0.7273592347672433,
                0.7240089974350999,
                0.7213356412926375,
                0.7181264058492343,
                0.7197731708746355,
                0.7213753093431783,
                0.7214095681140997,
                0.720197078087459,
                0.7255429789804408,
                0.7266193354699987,
                0.7258281381710324,
                0.7249924946245283,
                0.7325564706253578,
                0.7376007140249098,
                0.7352711176022467,
                0.7314310700005859,
                0.7328654306462736,
                0.7411334243895402,
                0.743730509689372,
                0.7426628982018653,
                0.7430382120527764,
                0.7452973976857298,
                0.747721476192408,
                0.7447359144612583,
                0.7419945817049148,
                0.7491863992679442,
                0.7512641937243341,
                0.7514014992720012,
                0.752692694317101,
                0.7549993013013825,
                0.7546027109506358,
                0.7519553193503454,
                0.7518101703472306,
                0.7557636325115736,
                0.7573889407278187,
                0.7573743356728468,
                0.7599522180300304,
                0.7608717955652923,
                0.756342245121506,
                0.7635803120252793,
                0.768116984687231,
                0.7682053362543443,
                0.7626844451656817,
                0.76633210272222,
                0.773043666409726,
                0.7729841643339147,
                0.7690818198619731,
                0.7662603396126054,
                0.7733955400489539,
                0.7780615846484644,
                0.7759424092029876,
                0.7688387628977511,
                0.7751863722215461,
                0.7811295477391464,
                0.7771058550944144,
                0.7714665909367521,
                0.7837723414517606,
                0.7826432444859156,
                0.775564120248286,
                0.7796387502760987,
                0.7848814240830144,
                0.7830623735017422,
                0.7731945853111012,
                0.7898714845317142,
                0.7917329078033366,
                0.7841297145252681,
                0.7781428139974125,
                0.7891254547175679,
                0.7910689187300814,
                0.7849652679171117,
                0.7785130791873459,
                0.7894385618528585,
                0.7936561771719384,
                0.7885997628932434,
                0.7818779215744609,
                0.7944386294688539,
                0.796813934304299,
                0.7935687271514283,
                0.7831079016052037,
                0.788369598045447,
                0.7940386132410149,
                0.7935365419376942,
                0.7898208176126145,
                0.7924755117403908,
                0.7952493001744492,
                0.7944012152848212,
                0.7894336935012014,
                0.7952933858033457,
                0.7950092183140177,
                0.791225246911076,
                0.7958500908308203,
                0.7991164843288661,
                0.7980816891377158,
                0.7932841990434591,
                0.7891049896096755,
                0.7968305227617978,
                0.7990415658061404,
                0.7974525899180044,
                0.7882244490423321,
                0.7987448668190281,
                0.8031958023990154,
                0.8015414643821475,
                0.7932649059461505,
                0.795147695872269,
                0.7987324254759038,
                0.7979753066385384,
                0.7970018166164055,
                0.8007722648202992,
                0.8021906680911103,
                0.8010843802543262,
                0.7994152568731658,
                0.7986350584427586,
                0.8006424421094387,
