{
    "advogato-0.15-hidden": {
        "aa": {
            "test_roc": 0.916661078461512,
            "test_ap": 0.9194450013149364,
            "runtime": 1.7499022483825684
        },
        "jc": {
            "test_roc": 0.8957071580871896,
            "test_ap": 0.8805986906775594,
            "runtime": 1.659898281097412
        },
        "pa": {
            "test_roc": 0.9182276173443036,
            "test_ap": 0.916264933502084,
            "runtime": 0.6799619197845459
        },
        "sc": {
            "test_roc": 0.73019348809648,
            "test_ap": 0.635272604464676,
            "val_roc": 0.6538760643884584,
            "val_ap": 0.6689418867913985,
            "runtime": 13.75918698310852
        },
        "n2v_edge_emb": {
            "test_roc": 0.844343600703884,
            "test_ap": 0.8636033041843434,
            "val_roc": 0.8972536185826785,
            "val_ap": 0.9039199940389767,
            "runtime": 141.14165687561035
        },
        "n2v_dot_prod": {
            "test_roc": 0.7826365348840869,
            "test_ap": 0.8170417409165761,
            "val_roc": 0.8525839677967553,
            "val_ap": 0.8259648875010582,
            "runtime": 139.66172409057617
        },
        "gae": {
            "test_roc": 0.931857567716641,
            "test_ap": 0.92495633787734,
            "val_roc": 0.8923282891800884,
            "val_ap": 0.9000493221817869,
            "val_roc_per_epoch": [
                0.5725355547441636,
                0.6341290383653158,
                0.655964767558747,
                0.6588572896804469,
                0.6530588123926596,
                0.6386954620651729,
                0.6257892815124345,
                0.6288942080138477,
                0.6366402964285232,
                0.6422583742410104,
                0.6416319796611085,
                0.6336028056130292,
                0.6281123867995546,
                0.6230070185403059,
                0.6245417213229294,
                0.625476985769087,
                0.6234928620047692,
                0.6180128109772315,
                0.6078906964898283,
                0.625298569696314,
                0.6481222136575295,
                0.6539417871358315,
                0.6475990461636939,
                0.6348353099742609,
                0.6284052992909337,
                0.6395531935034552,
                0.6465251238499647,
                0.6521710594524908,
                0.645003944266389,
                0.6418834210087405,
                0.6369932519236751,
                0.6423535775623082,
                0.6559079701227455,
                0.6710709021326084,
                0.6778614413025545,
                0.6837794636699257,
                0.6852221185443628,
                0.6850967134118581,
                0.6849020695002276,
                0.688528901330232,
                0.6939888478685186,
                0.7026391875262012,
                0.7117933114257509,
                0.7200077533007876,
                0.7248168733462254,
                0.726910354713511,
                0.7257532196483065,
                0.7195956563484658,
                0.7215343421639823,
                0.7256038333761567,
                0.7330181526408555,
                0.7373852443867455,
                0.7370178641459424,
                0.7344966890700998,
                0.7318184645759801,
                0.7317011733629041,
                0.7321473487768266,
                0.7336115506150802,
                0.7328872480740711,
                0.729161516581696,
                0.7246786662519553,
                0.7257146334536899,
                0.7273593249219036,
                0.7240089072804397,
                0.7213356412926375,
                0.7181264058492345,
                0.7197730807199751,
                0.7213753093431782,
                0.72140965826876,
                0.720197078087459,
                0.7255428888257807,
                0.7266193354699987,
                0.7258281381710324,
                0.7249924044698681,
                0.7325564706253578,
                0.7376007140249097,
                0.7352711176022467,
                0.7314310700005859,
                0.7328654306462736,
                0.7411333342348799,
                0.743730509689372,
                0.7426628982018653,
                0.7430382120527764,
                0.7452973976857298,
                0.7477216565017286,
                0.7447359144612583,
                0.7419944915502545,
                0.7491863992679442,
                0.7512641937243341,
                0.7514015894266615,
                0.7526925140077804,
                0.7549993013013825,
                0.754602801105296,
                0.7519554095050058,
                0.7518101703472307,
                0.7557636325115736,
                0.7573889407278187,
                0.7573743356728467,
                0.7599522180300304,
                0.7608717955652923,
                0.7563421549668456,
                0.7635803120252793,
                0.768116984687231,
                0.7682054264090047,
                0.7626844451656817,
                0.7663320125675596,
                0.7730436664097259,
                0.7729840741792544,
                0.7690818198619731,
                0.7662602494579451,
                0.7733955400489539,
                0.778061764957785,
                0.775942499357648,
                0.7688386727430908,
                0.7751863722215461,
                0.7811295477391464,
                0.7771059452490747,
                0.7714665909367521,
                0.7837723414517606,
                0.7826434247952362,
                0.775564120248286,
                0.7796387502760987,
                0.7848814240830144,
                0.7830622833470818,
                0.7731949459297425,
                0.7898714845317141,
                0.7917329979579968,
                0.7841297145252681,
                0.7781430844613935,
                0.7891254547175679,
                0.7910686482661005,
                0.7849652679171117,
                0.7785132594966666,
                0.7894382012342174,
                0.7936562673265988,
                0.788599672738583,
                0.781878192038442,
                0.7944387196235142,
                0.796813934304299,
                0.7935687271514283,
                0.7831078114505433,
                0.7883700488187486,
                0.7940387033956753,
                0.7935365419376941,
                0.7898209077672746,
                0.7924756920497114,
                0.7952492100197889,
                0.7944006743568592,
                0.789433603346541,
                0.795293205494025,
                0.7950089478500367,
                0.7912248862924347,
                0.7958503612948012,
                0.7991164843288663,
                0.7980816891377158,
                0.7932841990434589,
                0.7891054403829771,
                0.7968305227617978,
                0.7990416559608008,
                0.7974531308459663,
                0.788224989970294,
                0.7987445062003867,
                0.8031958023990156,
                0.8015414643821475,
                0.793266438575376,
                0.795147695872269,
                0.7987320648572627,
                0.797975486947859,
                0.797001996925726,
                0.800771904201658,
                0.8021903976271293,
                0.8010843802543263,
                0.7994152568731658,
                0.7986350584427585,
                0.8006426224187595,
                0.8002192561338975,
