{
    "gplus-0.15-hidden": {
        "aa": {
            "test_roc": 0.8220578222129781,
            "test_ap": 0.8167724470103673,
            "runtime": 1.6599061489105225
        },
        "jc": {
            "test_roc": 0.8007576657461766,
            "test_ap": 0.7459883814638951,
            "runtime": 1.8907628059387207
        },
        "pa": {
            "test_roc": 0.8957623667845936,
            "test_ap": 0.8880887101652682,
            "runtime": 0.2199869155883789
        },
        "sc": {
            "test_roc": 0.6625530515502716,
            "test_ap": 0.5990760397524177,
            "val_roc": 0.5915602129244966,
            "val_ap": 0.521963012241961,
            "runtime": 1.3199248313903809
        },
        "n2v_edge_emb": {
            "test_roc": 0.9323776287166061,
            "test_ap": 0.9277186862670981,
            "val_roc": 0.9329099000704304,
            "val_ap": 0.9282993482580976,
            "runtime": 51.20696830749512
        },
        "n2v_dot_prod": {
            "test_roc": 0.85543071855624,
            "test_ap": 0.8473822680532361,
            "val_roc": 0.8157261480672457,
            "val_ap": 0.7722691088877713,
            "runtime": 52.24008655548096
        },
        "gae": {
            "test_roc": 0.9596041631328277,
            "test_ap": 0.9570554321823553,
            "val_roc": 0.9539356837366924,
            "val_ap": 0.9539626799678981,
            "val_roc_per_epoch": [
                0.8023520195163776,
                0.843684928395717,
                0.8567675106411212,
                0.8616255524706795,
                0.8638944462023701,
                0.8649649378885156,
                0.8657620650409824,
                0.8661582362788228,
                0.8663821591523849,
                0.866656480621421,
                0.8668826363441495,
                0.867021710949382,
                0.8671914074860416,
                0.8674727464810297,
                0.8679595075993427,
                0.8686985806734783,
                0.8695741765252274,
                0.8706497718666109,
                0.8718268023558473,
                0.873155028631506,
                0.8746440200471577,
                0.8761243990445958,
                0.8775039808510855,
                0.8786235952188959,
                0.879579254662189,
                0.8801853137216875,
                0.880516413355245,
                0.8804806877685798,
                0.8802516612397799,
                0.8797974359236085,
                0.8787199267115107,
                0.8764175402423215,
                0.8717917147260867,
                0.8647901376966183,
                0.8563962197225652,
                0.8477822066163787,
                0.8405101358593025,
                0.8349930845471527,
                0.8294581704416705,
                0.8233605783462115,
                0.8162377895048434,
                0.8053376578305382,
                0.7945147189417061,
                0.785515060886607,
                0.7775495309740836,
                0.77134348620482,
                0.7653537088262614,
                0.7608682338290684,
                0.7572280517306496,
                0.752873995855832,
                0.7500708132164255,
                0.749272729128602,
                0.7517588471863549,
                0.7554315650869151,
                0.7593326715593708,
                0.7624918341516194,
                0.7658806612295728,
                0.7693415774377609,
                0.7742308791556513,
                0.7802378813706377,
                0.787092728312017,
                0.7929019638865356,
                0.7966480468311403,
                0.799173080260082,
                0.8017443655646174,
                0.8062866187263318,
                0.8107800681848341,
                0.8146562943380049,
                0.8154716032622565,
                0.8148770274270434,
                0.8151188130939379,
                0.8156323684022497,
                0.8166294950443508,
                0.8192617052332881,
                0.8217172013596137,
                0.824448294868785,
                0.8277806627606692,
                0.8304597627821045,
                0.8325200446059469,
                0.8340782543457623,
                0.8363391736161438,
                0.838246664761302,
                0.83879339382866,
                0.8402715399769314,
                0.8403174728740723,
                0.839742673702906,
                0.8400329440945606,
                0.8409975349345202,
                0.8423378823913686,
                0.8425445804285029,
                0.8418606906266268,
                0.8400067878614663,
                0.839465800406251,
                0.8406071053088221,
                0.8435723290020312,
                0.8462906633731078,
                0.848154773448744,
                0.8485407373761087,
                0.8469324480192714,
                0.8457675387112251,
                0.8446160264981779,
                0.8458249548326511,
                0.8481375486123162,
                0.8500724719043778,
                0.8506536506445915,
                0.8497005430289172,
                0.8487659361634803,
                0.8491142606334658,
                0.8509955955455297,
                0.853646944441609,
                0.85530690830773,
                0.8561234931457911,
                0.8563365707519726,
                0.8568590574569508,
                0.8577758015290551,
                0.8598076942706366,
                0.8610178985189193,
                0.8618823301248354,
                0.8630784993212139,
                0.8633802529371536,
                0.8618746746419785,
                0.8609362400351133,
                0.8623997131745756,
                0.8645209198828201,
                0.8665151731670221,
                0.8667256989455847,
                0.8647186865232881,
                0.8628890261205074,
                0.8639984331778421,
                0.8673681215486532,
                0.8682351049821883,
                0.8668060815155814,
                0.8662006604129877,
                0.8681438771448112,
                0.8707346201349407,
                0.8713898018761037,
                0.8713291959701539,
                0.871029994181833,
                0.872506864416295,
                0.8739582163745674,
                0.8751218497688044,
                0.8753814982290317,
                0.874534929416448,
                0.8736558248017229,
                0.8737228102767202,
                0.8759964886851963,
                0.8778363563984526,
                0.8782114750584368,
                0.8759607630985312,
                0.8745763966152559,
                0.876423919811369,
                0.8798331615102735,
                0.8813719135644948,
                0.8804398585266769,
                0.8787613939103186,
                0.8792411375026794,
                0.8818972710755444,
                0.8833138543825086,
                0.8835428809113086,
                0.8850749344180302,
                0.8853342638998051,
                0.8868500495054558,
                0.8880985311680225,
                0.8886235697006197,
                0.888982420459533,
                0.88924876746726,
                0.8905635966479193,
                0.8920449325807143,
                0.8908921444538579,
                0.8907492421071972,
                0.8905769937429188,
                0.8919530667864325,
                0.8930962855597179,
                0.8943683716277598,
                0.8944104767834724,
                0.893924991578969,
