{
    "gplus-0.15-random-hidden": {
        "aa": {
            "test_roc": 0.8220578222129781,
            "test_ap": 0.8167724470103673,
            "runtime": 1.749894142150879
        },
        "jc": {
            "test_roc": 0.8007576657461766,
            "test_ap": 0.7459883814638951,
            "runtime": 1.6699042320251465
        },
        "pa": {
            "test_roc": 0.8957623667845936,
            "test_ap": 0.8880887101652682,
            "runtime": 0.13999533653259277
        },
        "sc": {
            "test_roc": 0.6625530515502716,
            "test_ap": 0.5990760397524177,
            "val_roc": 0.5915602129244966,
            "val_ap": 0.521963012241961,
            "runtime": 1.269949197769165
        },
        "n2v_edge_emb": {
            "test_roc": 0.9328377405535189,
            "test_ap": 0.9266854182201718,
            "val_roc": 0.9319153252559484,
            "val_ap": 0.9235067213692697,
            "runtime": 52.046916484832764
        },
        "n2v_dot_prod": {
            "test_roc": 0.8578294391959329,
            "test_ap": 0.850007040218445,
            "val_roc": 0.8194837142361359,
            "val_ap": 0.7696726843350896,
            "runtime": 53.09685301780701
        },
        "gae": {
            "test_roc": 0.9627346182678469,
            "test_ap": 0.9600051707739062,
            "val_roc": 0.9549379140340312,
            "val_ap": 0.9573313388490872,
            "val_roc_per_epoch": [
                0.8138326919739918,
                0.8517943175902581,
                0.8631808914044238,
                0.8672536082842532,
                0.8691205891659606,
                0.8699693908277107,
                0.8703304744357909,
                0.8706746521858955,
                0.8708322275413651,
                0.8710274423542141,
                0.8711480162092091,
                0.8713642835999142,
                0.871750247527279,
                0.8722395604732109,
                0.8729145188784208,
                0.8738057446743358,
                0.8747435413242965,
                0.8757113219487797,
                0.876534286355888,
                0.8773202492625218,
                0.8779639477793997,
                0.8785361951229471,
                0.879357883616246,
                0.8808149771866611,
                0.8827926435913402,
                0.8849776459900581,
                0.886637609856179,
                0.8877074635854197,
                0.8877157570251815,
                0.8867301136073656,
                0.8844813155181741,
                0.8801712786697833,
                0.8725055885024855,
                0.8621285814900632,
                0.8498798089191478,
                0.8355525727526053,
                0.8218390511284182,
                0.8094027192275107,
                0.7994550572119752,
                0.7923565107329869,
                0.7907648082556726,
                0.7929026018434402,
                0.7928853770070123,
                0.7903743786299747,
                0.7846353183149771,
                0.7786442650226093,
                0.7735399718278231,
                0.7706729934979432,
                0.7714991476895753,
                0.7741485827149404,
                0.7782876471128622,
                0.7826716869622024,
                0.7869096346803581,
                0.7916419989996837,
                0.7980662250303667,
                0.8065178781042982,
                0.8165031795772131,
                0.8261171901315723,
                0.8367570353887455,
                0.8447212893874593,
                0.8482402596739785,
                0.8479027804713736,
                0.8452527074891037,
                0.8420775959742368,
                0.8399270432483745,
                0.8393745725688739,
                0.8404811088201369,
                0.8430868437975276,
                0.8448610019495963,
                0.8442077340791475,
                0.8410766415907074,
                0.8389133297267503,
                0.8371972256530127,
                0.8362964305035265,
                0.8376718655901356,
                0.8399334228174218,
                0.8425879614980248,
                0.8449694546234012,
                0.8459735987914544,
                0.8449962488134002,
                0.8439181016443977,
                0.8443499984689034,
                0.8463008706835835,
                0.8494498259653563,
                0.8522721473119048,
                0.8540699098694485,
                0.8541215843787321,
                0.8542434341475365,
                0.8546995733344221,
                0.8561904786207881,
                0.8579946207473792,
                0.8596488430013576,
                0.8620781828945892,
                0.8629643050352662,
                0.8624450081148118,
                0.8601336902489563,
                0.8589298655697211,
                0.8595875991385029,
                0.8616284232767509,
                0.8640539354285539,
                0.8649553685349447,
                0.8643250671130664,
                0.8619218834529291,
                0.8605196541763211,
                0.8611856811848646,
                0.8634982749645296,
                0.8657457971399116,
                0.8660201186089477,
                0.864436709571395,
                0.8633566485316785,
                0.863200987046923,
                0.8656360685522971,
                0.8675665261460257,
                0.8683652481907542,
                0.8681304800498117,
                0.8682210699302841,
                0.8692743367800018,
                0.8699639681940206,
                0.8709502495687412,
                0.8721878859639274,
                0.8725145198991517,
                0.8728092559891394,
                0.8737508803805285,
                0.8753598076942708,
                0.8761004756606682,
                0.8766956894527861,
                0.8765955302187425,
                0.8775875532056059,
                0.879377022323388,
                0.8817916892078107,
                0.8828934407822883,
                0.8821103486817258,
                0.8814892976349662,
                0.8827173646765814,
                0.886011136175729,
                0.8883620073696781,
                0.8882522787820637,
                0.8867084230726044,
                0.885782109646929,
                0.8858325082424032,
                0.8882356919025406,
                0.8904442987067338,
                0.8899951770458003,
                0.8879811470975514,
                0.8880098551582642,
                0.8896602496708144,
                0.8916251569373985,
                0.8926478018556889,
                0.8908136757545755,
                0.8887154354949014,
                0.8904813002072083,
                0.8943039379803817,
                0.8959977135624533,
                0.8955154181424736,
                0.8935562524880319,
                0.8921642305218997,
                0.8940806530637243,
                0.8965176484398125,
                0.8976404525921465,
                0.8967932458226582,
                0.8954580020210475,
                0.895870760138411,
                0.8976551256009554,
                0.8987938786759078,
                0.8977591125764273,
                0.89657793536731,
                0.8968940430136063,
                0.8987581530892427,
                0.9006241770355927,
                0.9001763312884687,
                0.8991393323398217,
                0.8990496993947065,
                0.899681914687299,
                0.90151029917627,
                0.9027134858986007,
