{
    "hamster-0.15-hidden": {
        "aa": {
            "test_roc": 0.8077370894052199,
            "test_ap": 0.80202727699203,
            "runtime": 0.3099801540374756
        },
        "jc": {
            "test_roc": 0.7914168007954094,
            "test_ap": 0.7477946077260759,
            "runtime": 0.26998376846313477
        },
        "pa": {
            "test_roc": 0.886378039871109,
            "test_ap": 0.8865051099462435,
            "runtime": 0.06997847557067871
        },
        "sc": {
            "test_roc": 0.5938621370960294,
            "test_ap": 0.58728189108378184,
            "val_roc": 0.5392139350202616,
            "val_ap": 0.5197588328010452,
            "runtime": 0.7299792766571045
        },
        "n2v_edge_emb": {
            "test_roc": 0.8780624824443681,
            "test_ap": 0.8638701131544277,
            "val_roc": 0.8891435045779787,
            "val_ap": 0.8852784040106767,
            "runtime": 23.508606672286987
        },
        "n2v_dot_prod": {
            "test_roc": 0.723767825534758,
            "test_ap": 0.6659246304656481,
            "val_roc": 0.7498545458257204,
            "val_ap": 0.713760139174537,
            "runtime": 22.988646984100342
        },
        "gae": {
            "test_roc": 0.9314067626363927,
            "test_ap": 0.9365365242423862,
            "val_roc": 0.9225903091794344,
            "val_ap": 0.9283120557343055,
            "val_roc_per_epoch": [
                0.8248782778225765,
                0.8596533086996907,
                0.8691422797007217,
                0.873407659565781,
                0.8753381171595097,
                0.8766242382794558,
                0.8772251936837162,
                0.877563310843226,
                0.8778133899498821,
                0.8781068501260604,
                0.8781885086098664,
                0.8781859567822476,
                0.8782880298870052,
                0.8784028621298574,
                0.8786580448917515,
                0.8791046147250661,
                0.8795409772479049,
                0.8800283763231227,
                0.8803065255335871,
                0.8807275770907124,
                0.8808143392297563,
                0.8808857904030868,
                0.8810108299564148,
                0.8813221529259256,
                0.8823275730077882,
                0.8834401698496462,
                0.8843333095162755,
                0.8844251753105574,
                0.8830038073268074,
                0.8809368269554655,
                0.8775990364298911,
                0.8730134021986546,
                0.8675218691626942,
                0.860608968142984,
                0.8532265308413886,
                0.8453082097398156,
                0.837030080943972,
                0.8281931018995805,
                0.8168196062019618,
                0.8058161255090897,
                0.795307699374292,
                0.7869274974736906,
                0.7820126774796109,
                0.7800350110749319,
                0.7768222601026856,
                0.7705575232981862,
                0.7622717390194858,
                0.751423919811369,
                0.7398615888699486,
                0.7335713337892598,
                0.7329410323673814,
                0.7366743561738918,
                0.7429263338402963,
                0.7498698567914341,
                0.7551572436178792,
                0.7588752564586757,
                0.7617103369433188,
                0.7649639171574683,
                0.7683935734773245,
                0.7724764976676296,
                0.7770391654502955,
                0.7821836499300799,
                0.7871239882003491,
                0.7918933540201494,
                0.7946187059171779,
                0.7957083363104654,
                0.7963462932152008,
                0.7969102471189866,
                0.797670691749431,
                0.7990512304912779,
                0.800510875889312,
                0.801365738141657,
                0.8016362318692647,
                0.8018301707683042,
                0.8017587195949739,
                0.8032821606834816,
                0.8059360614071798,
                0.8099577417346303,
                0.8142167420306423,
                0.8170747889638559,
                0.8183660137390399,
                0.8196062019618451,
                0.8217446335065174,
                0.8248400004082925,
                0.8284329736957609,
                0.831270606008023,
                0.8341209974583796,
                0.8372112607049167,
                0.8403168349171677,
                0.8424960957037431,
                0.8444712102808031,
                0.8459129928855046,
                0.8475461625616265,
                0.8490109116148985,
                0.8495697618634465,
                0.8489113903377599,
                0.8479416958425624,
                0.848778695301575,
                0.850503730771979,
                0.8520731047576274,
                0.8519404097214425,
                0.8518485439271606,
                0.8527034061795057,
                0.8543263685451521,
                0.856518388469822,
                0.8586797864630649,
                0.8596596882687382,
                0.8590115240535272,
                0.8584424664945035,
                0.8576258816564424,
                0.8581745245945145,
                0.8600067368249141,
                0.8630714817952618,
                0.865041492717084,
                0.8657713154161011,
                0.866373546734171,
                0.8671416468474722,
                0.868871785973114,
                0.8713394032806295,
                0.8737508803805285,
                0.8752641141585603,
                0.8759607630985312,
                0.8761011136175729,
                0.8769661831803938,
                0.8786044565117539,
                0.8787294960650819,
                0.8781859567822473,
                0.8777215241556003,
                0.8784232767508089,
                0.8794184895221958,
                0.8801891414631159,
                0.8807939246088047,
                0.8804443242250101,
                0.8796022211107597,
                0.8797731935612285,
                0.8800207208402657,
                0.8805897783992895,
                0.8806995069869042,
                0.8811613877859323,
                0.8817074788963856,
                0.8821004603497024,
                0.8833380967448887,
                0.8846880135553084,
                0.8850146474905325,
                0.884657391623881,
                0.8848283640743501,
                0.885392317978136,
                0.8869999693780686,
                0.8878854535618409,
                0.8877348957323234,
                0.8880053894599312,
                0.8889980504036992,
                0.8899167083465178,
                0.8905572170788717,
                0.8904270738703058,
                0.8904500403188762,
                0.8917489205769172,
                0.8929916606273414,
                0.8930809745940042,
                0.8922082495483266,
                0.8916902285416816,
                0.8920602435464279,
                0.893473956047321,
                0.8947039369596504,
                0.8944615133358512,
                0.8930324898692444,
                0.891759127887393,
                0.8919096857169103,
                0.8930580081454338,
                0.8940506690892018,
                0.893734242464453,
                0.8927288223825904,
                0.8913661464340761,
                0.8914733231940715,
                0.8927058559340199,
                0.893313190907328,
