{
    "hamster-0.15-random-hidden": {
        "aa": {
            "test_roc": 0.7976065742298293,
            "test_ap": 0.7926028148252886,
            "runtime": 1.0599391460418701
        },
        "jc": {
            "test_roc": 0.7817359645709037,
            "test_ap": 0.7387015555745813,
            "runtime": 0.9999411106109619
        },
        "pa": {
            "test_roc": 0.8563947722592672,
            "test_ap": 0.8698017839398278,
            "runtime": 0.09999632835388184
        },
        "sc": {
            "test_roc": 0.6169190749861942,
            "test_ap": 0.5346721224965977,
            "val_roc": 0.639653870101767,
            "val_ap": 0.5518099478654809,
            "runtime": 0.9499435424804688
        },
        "n2v_edge_emb": {
            "test_roc": 0.8601339227991687,
            "test_ap": 0.8600498966635732,
            "val_roc": 0.8785330053384235,
            "val_ap": 0.8813970497746086,
            "runtime": 37.307785987854004
        },
        "n2v_dot_prod": {
            "test_roc": 0.7004004435643363,
            "test_ap": 0.650148855178221,
            "val_roc": 0.7339566597597199,
            "val_ap": 0.6985510466473945,
            "runtime": 37.05780386924744
        },
        "gae": {
            "test_roc": 0.912281394565254,
            "test_ap": 0.9224395750870101,
            "val_roc": 0.9078662638181466,
            "val_ap": 0.9213246586129127,
            "val_roc_per_epoch": [
                0.8117516765507456,
                0.8487340383182433,
                0.8573069032040747,
                0.8601164654125284,
                0.8619639886086415,
                0.8628775428962223,
                0.8632577652114445,
                0.8633521828333452,
                0.8632322469352549,
                0.8630076861047884,
                0.8626887076524206,
                0.8623722810276719,
                0.8621655829905378,
                0.8619563331257847,
                0.8617368759505557,
                0.8616245955353223,
                0.8616296991905601,
                0.8614638303953291,
                0.8609228429401137,
                0.860358889036328,
                0.8597566577182578,
                0.8592309812287561,
                0.8591416672620931,
                0.8601623983096693,
                0.8615837662934194,
                0.8631658994171626,
                0.8645107125723441,
                0.8651792914085067,
                0.8644954016066306,
                0.8631327256581164,
                0.8605885535220325,
                0.8568679888536171,
                0.8516137757862181,
                0.8453413834988619,
                0.8387015280343784,
                0.8320463616041809,
                0.8244240525064052,
                0.8154569302534475,
                0.8072119752166502,
                0.8015520215578398,
                0.7966729271504251,
                0.7919571497106226,
                0.7881472710755443,
                0.7845976788575979,
                0.7802531923363514,
                0.7745460298665905,
                0.7671253151507109,
                0.758086741724423,
                0.7497728873419143,
                0.7441665220631015,
                0.7437786442650226,
                0.7470883646867887,
                0.7517326909532607,
                0.7568491053292368,
                0.7615215016995172,
                0.7646883197746226,
                0.7671942144964223,
                0.7690723596239627,
                0.771465973930529,
                0.7755361389827395,
                0.7798002429339894,
                0.7839112372281027,
                0.7878461554165093,
                0.7918984576753871,
                0.7938633649419715,
                0.7944732517428983,
                0.7953995651685737,
                0.7958410313466505,
                0.7968515550837509,
                0.7983112004817849,
                0.7990639896293725,
                0.7994289009788811,
                0.7986659045208179,
                0.7982652675846441,
                0.7989134317998551,
                0.8013631863140382,
                0.8042620624891547,
                0.8081153221937551,
                0.8117236064469373,
                0.8146990374506222,
                0.8164674539905481,
                0.8179653768028663,
                0.8200629791056354,
                0.822540803723627,
                0.8249191070644796,
                0.8264425481529871,
                0.8273663097510436,
                0.8282645530729108,
                0.8291679000500158,
                0.8299997958537905,
                0.8315002704937277,
                0.8323296144698833,
                0.8340469944574305,
                0.8359174841021139,
                0.8377063152629914,
                0.8374945135706193,
                0.8370530473925425,
                0.8373133338096745,
                0.8375583092610928,
                0.8374664434668109,
                0.8373158856372934,
                0.8375302391572845,
                0.8391940307648338,
                0.8417024773142525,
                0.8446166644550828,
                0.8469796568302219,
                0.848342332778736,
                0.8482070859149322,
                0.8486230338168195,
                0.8491461584787025,
                0.8508303647072034,
                0.8529968663556841,
                0.8551582643489266,
                0.8567735712317162,
                0.8571640008574142,
                0.8571129643050353,
                0.8571971746164603,
                0.8582970123202238,
                0.8599735630658678,
                0.8613643091181905,
                0.8627014667905154,
                0.8634619114209598,
                0.8635563290428605,
                0.8641458012228358,
                0.865038940889465,
                0.8646383039532913,
                0.8641993896028335,
                0.8641202829466464,
                0.8649011421980421,
                0.8657662117608631,
                0.8664909308046422,
                0.8670650920189039,
                0.8661311231103717,
                0.8647786544723332,
                0.8651154957180333,
                0.8660902938684686,
                0.8670421255703336,
                0.8674708326103155,
                0.8678178811664914,
                0.8678918841674407,
                0.8676443568884036,
                0.8684685972093212,
                0.869519950188325,
                0.8702957057844828,
                0.8700456266778266,
                0.8698618950892629,
                0.8699282426073555,
                0.870548336718758,
                0.8711505680368281,
                0.8714874092825282,
                0.8723728934663005,
                0.8736258408272003,
                0.8748736845328624,
                0.875407016505221,
                0.8751135563290428,
                0.8747129193928692,
                0.8762465677918524,
                0.8774867560146578,
                0.8778567710194041,
                0.8772570915289529,
                0.8767135522461187,
                0.8767492778327839,
                0.8781502311955822,
                0.8801304494278803,
                0.8812353907868814,
                0.8812787718564035,
                0.8808449611611837,
                0.8810312445773663,
                0.8821030121773215,
                0.8836698343353508,
                0.8845246965876962,
                0.8846497361410243,
                0.8840296420296215,
                0.8838867396829608,
                0.8855122538762261,
