{
    "twitter-0.15-hidden": {
        "aa": {
            "test_roc": 0.9759001009132819,
            "test_ap": 0.9740526916739718,
            "runtime": 2.459857702255249
        },
        "jc": {
            "test_roc": 0.9687989036007267,
            "test_ap": 0.9555846218170975,
            "runtime": 3.719780683517456
        },
        "pa": {
            "test_roc": 0.9325325399288189,
            "test_ap": 0.9387975354392205,
            "runtime": 0.6199641227722168
        },
        "sc": {
            "test_roc": 0.6811760700346146,
            "test_ap": 0.5990094954493751,
            "val_roc": 0.6915789473684212,
            "val_ap": 0.6027343019847948,
            "runtime": 1.3899211883544922
        },
        "n2v_edge_emb": {
            "test_roc": 0.9601723744047553,
            "test_ap": 0.946979755811301,
            "val_roc": 0.9643018524930749,
            "val_ap": 0.9503085810707287,
            "runtime": 96.72426676750183
        },
        "n2v_dot_prod": {
            "test_roc": 0.7635435609000184,
            "test_ap": 0.7534984767814104,
            "val_roc": 0.7689352493074793,
            "val_ap": 0.750528713830441,
            "runtime": 91.56786561012268
        },
        "gae": {
            "test_roc": 0.9869293119101475,
            "test_ap": 0.9852347255529675,
            "val_roc": 0.9894239092797784,
            "val_ap": 0.9892635298778969,
            "val_roc_per_epoch": [
                0.8418817087950139,
                0.902730912396122,
                0.912809686634349,
                0.9135560941828255,
                0.9124476281163435,
                0.9105921052631579,
                0.9086874567174514,
                0.9071725675207756,
                0.9057132963988921,
                0.9045364439058171,
                0.903610197368421,
                0.902798216759003,
                0.9023870325484764,
                0.9023545706371192,
                0.9028884608725762,
                0.9038781163434904,
                0.9051302804709142,
                0.9064828601108033,
                0.907869632963989,
                0.9090659626038781,
                0.910112101800554,
                0.9112088815789474,
                0.9126298476454293,
                0.9151934729916898,
                0.9189884868421054,
                0.9231037915512466,
                0.9264698753462604,
                0.92852016966759,
                0.9291404085872577,
                0.9289131752077562,
                0.9282505193905817,
                0.9274004501385041,
                0.9261513157894739,
                0.9246295013850416,
                0.9210820637119114,
                0.9153661703601108,
                0.9097643265235458,
                0.9033937846260388,
                0.9001726973684211,
                0.8983020256232688,
                0.8962616862880887,
                0.8939785318559557,
                0.8905691655124653,
                0.8866217970914125,
                0.8820225934903048,
                0.87900709833795,
                0.8761807479224377,
                0.8740897680055402,
                0.8737344182825485,
                0.8743832236842105,
                0.875272247229917,
                0.8764183691135734,
                0.8787344182825485,
                0.8818265235457063,
                0.8851367728531856,
                0.8886699272853186,
                0.8924995671745152,
                0.8971719182825484,
                0.9020277873961219,
                0.9078730955678671,
                0.9133279951523545,
                0.9177471433518005,
                0.9215378289473685,
                0.9246061288088644,
                0.9277233379501385,
                0.9301778912742382,
                0.9319524757617728,
                0.9337331198060941,
                0.9350337603878116,
                0.9360829293628808,
                0.9366053497229917,
                0.9366841239612188,
                0.9365070983379501,
                0.9362668801939058,
                0.9369589681440443,
                0.9376947714681441,
                0.9387595221606647,
                0.9399294494459833,
                0.9412573580332411,
                0.9426077735457062,
                0.9436253462603879,
                0.9445528912742382,
                0.9461006752077563,
                0.9471970221606649,
                0.9480505540166204,
                0.9491979743767313,
                0.9505964335180055,
                0.951851194598338,
                0.9528332756232687,
                0.9534924688365651,
                0.9537500000000001,
                0.9538292070637119,
                0.9541854224376731,
                0.9546684556786703,
                0.955207756232687,
                0.956124913434903,
                0.9568646121883658,
                0.9573844355955679,
                0.9577722472299169,
                0.9583647853185596,
                0.9589244286703602,
                0.9593148372576178,
                0.9596108898891967,
                0.9599930747922438,
                0.9604388850415512,
                0.9610500346260387,
                0.961503635734072,
                0.9618498961218838,
                0.9620676073407202,
                0.9622193126731302,
                0.9623697195290858,
                0.9624956717451525,
                0.9626921745152356,
                0.962887811634349,
                0.9632236842105264,
                0.9636530470914126,
                0.9640655297783933,
                0.9642979570637118,
                0.9644784452908587,
                0.9647623788088642,
                0.965150623268698,
                0.9656397160664821,
                0.9662746710526315,
                0.9667152873961219,
                0.9670593836565098,
                0.9672489612188366,
                0.9674013157894737,
                0.9676272506925208,
                0.9678553497229916,
                0.9682431613573408,
                0.9686915685595567,
                0.9692118247922438,
                0.969595308171745,
                0.9698563019390583,
                0.9701553843490305,
                0.9703055747922438,
                0.9704172437673131,
                0.9706237015235457,
                0.970917590027701,
                0.9712807306094183,
                0.9715637984764542,
                0.9718485976454293,
                0.9719377596952908,
                0.9719412222991689,
                0.9719269390581718,
                0.9720831890581717,
                0.9723792416897508,
                0.9727103531855955,
                0.9729834660664818,
                0.9732912049861495,
                0.9734193213296399,
                0.973641793628809,
                0.9739508310249307,
                0.9741720048476453,
                0.9744122229916898,
                0.974582756232687,
                0.9748394217451523,
                0.9752471433518006,
                0.9755557479224377,
                0.9758154432132965,
                0.9760188711911357,
                0.9761426592797785,
                0.9762603878116344,
                0.9764123095567867,
                0.9766923476454293,
                0.9769555055401663,
                0.9771398891966759,
                0.977194858033241,
                0.9771952908587258,
                0.9772476627423823,
                0.9773792416897507,
                0.9775354916897507,
                0.977615997229917,
                0.9777016966759003,
                0.9777947541551247,
                0.9778873788088641,
